attempt_id,question_id,incident_recovery_session_id,source_session_id,source_question_index,corrupted_answered_at,repaired_answered_at,anchor_kind,anchor_at
6b3e4607-8584-43c2-b31c-69fc086b6389,RM-2020-B-067,01db33a3-ccbd-4f21-b830-33e3d51d7468,472f583e-f1e7-4b17-b6a1-a3287137e3cd,0,2026-08-21 01:53:30.904+00,2026-08-17T19:56:24.267000+00:00,first_intact_tail_attempt,2026-08-17T19:57:10.267000+00:00
21788390-ee31-4a9c-b5fb-cbc86350d089,RM-2025-A-090,01db33a3-ccbd-4f21-b830-33e3d51d7468,472f583e-f1e7-4b17-b6a1-a3287137e3cd,1,2026-08-21 01:53:30.904+00,2026-08-17T19:56:25.267000+00:00,first_intact_tail_attempt,2026-08-17T19:57:10.267000+00:00
4e56dd2c-91f4-4193-bed3-130c598e59dd,RM-2018-A-095,01db33a3-ccbd-4f21-b830-33e3d51d7468,472f583e-f1e7-4b17-b6a1-a3287137e3cd,2,2026-08-21 01:53:30.904+00,2026-08-17T19:56:26.267000+00:00,first_intact_tail_attempt,2026-08-17T19:57:10.267000+00:00
92023ff5-55ad-4f13-b91c-ba514c8c78aa,RM-2025-A-034,01db33a3-ccbd-4f21-b830-33e3d51d7468,472f583e-f1e7-4b17-b6a1-a3287137e3cd,3,2026-08-21 01:53:30.904+00,2026-08-17T19:56:27.267000+00:00,first_intact_tail_attempt,2026-08-17T19:57:10.267000+00:00
a1eb7bde-51d3-4d85-8dfd-82b8ef2857ab,RM-2023-A-015,01db33a3-ccbd-4f21-b830-33e3d51d7468,472f583e-f1e7-4b17-b6a1-a3287137e3cd,4,2026-08-21 01:53:30.904+00,2026-08-17T19:56:28.267000+00:00,first_intact_tail_attempt,2026-08-17T19:57:10.267000+00:00
67961331-5804-4c42-9850-0d2cfec2f398,RM-2024-B-062,01db33a3-ccbd-4f21-b830-33e3d51d7468,472f583e-f1e7-4b17-b6a1-a3287137e3cd,5,2026-08-21 01:53:30.904+00,2026-08-17T19:56:29.267000+00:00,first_intact_tail_attempt,2026-08-17T19:57:10.267000+00:00
d8154629-e92b-4cfb-8b06-ec42efe22741,RM-2019-B-011,01db33a3-ccbd-4f21-b830-33e3d51d7468,472f583e-f1e7-4b17-b6a1-a3287137e3cd,6,2026-08-21 01:53:30.904+00,2026-08-17T19:56:30.267000+00:00,first_intact_tail_attempt,2026-08-17T19:57:10.267000+00:00
9f96558c-a43b-4c03-a2a1-6cc198eb61db,RM-2016-B-084,01db33a3-ccbd-4f21-b830-33e3d51d7468,472f583e-f1e7-4b17-b6a1-a3287137e3cd,7,2026-08-21 01:53:30.904+00,2026-08-17T19:56:31.267000+00:00,first_intact_tail_attempt,2026-08-17T19:57:10.267000+00:00
2e9246d2-99c1-45e6-8c1a-4c6c3738a2c0,RM-2019-B-092,01db33a3-ccbd-4f21-b830-33e3d51d7468,472f583e-f1e7-4b17-b6a1-a3287137e3cd,8,2026-08-21 01:53:30.904+00,2026-08-17T19:56:32.267000+00:00,first_intact_tail_attempt,2026-08-17T19:57:10.267000+00:00
2020f94f-d638-4673-a7d8-da066708598e,RM-2018-A-087,01db33a3-ccbd-4f21-b830-33e3d51d7468,472f583e-f1e7-4b17-b6a1-a3287137e3cd,9,2026-08-21 01:53:30.904+00,2026-08-17T19:56:33.267000+00:00,first_intact_tail_attempt,2026-08-17T19:57:10.267000+00:00
4b26801a-bf72-4288-8c07-846f271167fd,RM-2019-B-002,01db33a3-ccbd-4f21-b830-33e3d51d7468,472f583e-f1e7-4b17-b6a1-a3287137e3cd,10,2026-08-21 01:53:30.904+00,2026-08-17T19:56:34.267000+00:00,first_intact_tail_attempt,2026-08-17T19:57:10.267000+00:00
11208253-66e8-49ec-8ab4-6c7f571ec118,RM-2016-A-093,01db33a3-ccbd-4f21-b830-33e3d51d7468,472f583e-f1e7-4b17-b6a1-a3287137e3cd,11,2026-08-21 01:53:30.904+00,2026-08-17T19:56:35.267000+00:00,first_intact_tail_attempt,2026-08-17T19:57:10.267000+00:00
d09ecd8a-8156-466d-bce1-133992622e8f,RM-2017-A-089,01db33a3-ccbd-4f21-b830-33e3d51d7468,472f583e-f1e7-4b17-b6a1-a3287137e3cd,12,2026-08-21 01:53:30.904+00,2026-08-17T19:56:36.267000+00:00,first_intact_tail_attempt,2026-08-17T19:57:10.267000+00:00
f786982d-e0ef-4b6d-8271-56d945c4a2fa,RM-2022-A-047,01db33a3-ccbd-4f21-b830-33e3d51d7468,472f583e-f1e7-4b17-b6a1-a3287137e3cd,13,2026-08-21 01:53:30.904+00,2026-08-17T19:56:37.267000+00:00,first_intact_tail_attempt,2026-08-17T19:57:10.267000+00:00
562fc74b-a143-484d-b9fd-a2f968586f1c,RM-2024-A-061,01db33a3-ccbd-4f21-b830-33e3d51d7468,472f583e-f1e7-4b17-b6a1-a3287137e3cd,14,2026-08-21 01:53:30.904+00,2026-08-17T19:56:38.267000+00:00,first_intact_tail_attempt,2026-08-17T19:57:10.267000+00:00
43ae074d-c4fe-49d2-a14b-d39a9ac47953,RM-2023-B-083,01db33a3-ccbd-4f21-b830-33e3d51d7468,472f583e-f1e7-4b17-b6a1-a3287137e3cd,15,2026-08-21 01:53:30.904+00,2026-08-17T19:56:39.267000+00:00,first_intact_tail_attempt,2026-08-17T19:57:10.267000+00:00
ea2b9341-1543-45d1-b317-840ddfe21e06,RM-2025-B-037,01db33a3-ccbd-4f21-b830-33e3d51d7468,472f583e-f1e7-4b17-b6a1-a3287137e3cd,16,2026-08-21 01:53:30.904+00,2026-08-17T19:56:40.267000+00:00,first_intact_tail_attempt,2026-08-17T19:57:10.267000+00:00
058b725d-7bb3-4315-8da4-a04a7dae3120,RM-2020-B-009,01db33a3-ccbd-4f21-b830-33e3d51d7468,472f583e-f1e7-4b17-b6a1-a3287137e3cd,17,2026-08-21 01:53:30.904+00,2026-08-17T19:56:41.267000+00:00,first_intact_tail_attempt,2026-08-17T19:57:10.267000+00:00
fb2cd614-9e2e-4377-a870-d1c568696b28,RM-2017-B-002,01db33a3-ccbd-4f21-b830-33e3d51d7468,472f583e-f1e7-4b17-b6a1-a3287137e3cd,18,2026-08-21 01:53:30.904+00,2026-08-17T19:56:42.267000+00:00,first_intact_tail_attempt,2026-08-17T19:57:10.267000+00:00
a7549a52-52a1-440a-8df6-8c4b87cab678,RM-2015-B-019,01db33a3-ccbd-4f21-b830-33e3d51d7468,472f583e-f1e7-4b17-b6a1-a3287137e3cd,19,2026-08-21 01:53:30.904+00,2026-08-17T19:56:43.267000+00:00,first_intact_tail_attempt,2026-08-17T19:57:10.267000+00:00
2309ec96-fa84-4379-8a0c-957e16c32518,RM-2017-A-020,01db33a3-ccbd-4f21-b830-33e3d51d7468,472f583e-f1e7-4b17-b6a1-a3287137e3cd,20,2026-08-21 01:53:30.905+00,2026-08-17T19:56:44.267000+00:00,first_intact_tail_attempt,2026-08-17T19:57:10.267000+00:00
7ecd8bce-4ec3-429d-929d-48108785c1c5,RM-2021-A-061,01db33a3-ccbd-4f21-b830-33e3d51d7468,472f583e-f1e7-4b17-b6a1-a3287137e3cd,21,2026-08-21 01:53:30.905+00,2026-08-17T19:56:45.267000+00:00,first_intact_tail_attempt,2026-08-17T19:57:10.267000+00:00
d644fb15-1834-4f27-9a2f-2bbbb658b87d,RM-2017-A-033,01db33a3-ccbd-4f21-b830-33e3d51d7468,472f583e-f1e7-4b17-b6a1-a3287137e3cd,22,2026-08-21 01:53:30.905+00,2026-08-17T19:56:46.267000+00:00,first_intact_tail_attempt,2026-08-17T19:57:10.267000+00:00
e9c147f9-b556-49de-94ee-b786e03e851d,RM-2019-B-023,01db33a3-ccbd-4f21-b830-33e3d51d7468,472f583e-f1e7-4b17-b6a1-a3287137e3cd,23,2026-08-21 01:53:30.905+00,2026-08-17T19:56:47.267000+00:00,first_intact_tail_attempt,2026-08-17T19:57:10.267000+00:00
b04e4b47-4bd7-4cd8-ad8b-5bfd91172d65,RM-2017-B-011,01db33a3-ccbd-4f21-b830-33e3d51d7468,472f583e-f1e7-4b17-b6a1-a3287137e3cd,24,2026-08-21 01:53:30.905+00,2026-08-17T19:56:48.267000+00:00,first_intact_tail_attempt,2026-08-17T19:57:10.267000+00:00
7d1d845f-0c07-4d52-9731-e785a43f68f4,RM-2025-B-077,01db33a3-ccbd-4f21-b830-33e3d51d7468,472f583e-f1e7-4b17-b6a1-a3287137e3cd,25,2026-08-21 01:53:30.905+00,2026-08-17T19:56:49.267000+00:00,first_intact_tail_attempt,2026-08-17T19:57:10.267000+00:00
2a472b5f-705d-4aff-9354-89ac33c45fff,RM-2023-A-023,01db33a3-ccbd-4f21-b830-33e3d51d7468,472f583e-f1e7-4b17-b6a1-a3287137e3cd,26,2026-08-21 01:53:30.905+00,2026-08-17T19:56:50.267000+00:00,first_intact_tail_attempt,2026-08-17T19:57:10.267000+00:00
1600d158-4b3c-4001-a06d-b5c4ffff4d9d,RM-2025-A-075,01db33a3-ccbd-4f21-b830-33e3d51d7468,472f583e-f1e7-4b17-b6a1-a3287137e3cd,27,2026-08-21 01:53:30.905+00,2026-08-17T19:56:51.267000+00:00,first_intact_tail_attempt,2026-08-17T19:57:10.267000+00:00
fb6763e9-69a9-4fe7-92b1-d7f4e3bbe321,RM-2023-B-048,01db33a3-ccbd-4f21-b830-33e3d51d7468,472f583e-f1e7-4b17-b6a1-a3287137e3cd,28,2026-08-21 01:53:30.905+00,2026-08-17T19:56:52.267000+00:00,first_intact_tail_attempt,2026-08-17T19:57:10.267000+00:00
7d5c2d9b-5a4f-45c6-9917-ea1f9563f471,RM-2019-B-030,01db33a3-ccbd-4f21-b830-33e3d51d7468,472f583e-f1e7-4b17-b6a1-a3287137e3cd,29,2026-08-21 01:53:30.905+00,2026-08-17T19:56:53.267000+00:00,first_intact_tail_attempt,2026-08-17T19:57:10.267000+00:00
f8ae9a4c-af51-49b7-861f-a737e5dc30eb,RM-2024-B-055,01db33a3-ccbd-4f21-b830-33e3d51d7468,472f583e-f1e7-4b17-b6a1-a3287137e3cd,30,2026-08-21 01:53:30.905+00,2026-08-17T19:56:54.267000+00:00,first_intact_tail_attempt,2026-08-17T19:57:10.267000+00:00
f4adfdc7-454f-4a62-ba79-5f0cd97eb6ae,RM-2017-A-042,01db33a3-ccbd-4f21-b830-33e3d51d7468,472f583e-f1e7-4b17-b6a1-a3287137e3cd,31,2026-08-21 01:53:30.905+00,2026-08-17T19:56:55.267000+00:00,first_intact_tail_attempt,2026-08-17T19:57:10.267000+00:00
6fdcb65a-6574-47ed-9cc5-fdbd40eccb68,RM-2016-A-040,01db33a3-ccbd-4f21-b830-33e3d51d7468,472f583e-f1e7-4b17-b6a1-a3287137e3cd,32,2026-08-21 01:53:30.905+00,2026-08-17T19:56:56.267000+00:00,first_intact_tail_attempt,2026-08-17T19:57:10.267000+00:00
aa3dfbe1-c476-43a8-ab7f-5d32ef408d7d,RM-2020-B-037,01db33a3-ccbd-4f21-b830-33e3d51d7468,472f583e-f1e7-4b17-b6a1-a3287137e3cd,33,2026-08-21 01:53:30.905+00,2026-08-17T19:56:57.267000+00:00,first_intact_tail_attempt,2026-08-17T19:57:10.267000+00:00
347fbbd8-5dea-4798-9998-c5c6a621e1db,RM-2025-A-030,01db33a3-ccbd-4f21-b830-33e3d51d7468,472f583e-f1e7-4b17-b6a1-a3287137e3cd,34,2026-08-21 01:53:30.905+00,2026-08-17T19:56:58.267000+00:00,first_intact_tail_attempt,2026-08-17T19:57:10.267000+00:00
3bd0a609-977f-47b0-9384-fac8316e9991,RM-2020-A-057,01db33a3-ccbd-4f21-b830-33e3d51d7468,472f583e-f1e7-4b17-b6a1-a3287137e3cd,35,2026-08-21 01:53:30.905+00,2026-08-17T19:56:59.267000+00:00,first_intact_tail_attempt,2026-08-17T19:57:10.267000+00:00
19558391-4bdb-4060-8a0c-2dfc44e3bf5c,RM-2022-B-070,01db33a3-ccbd-4f21-b830-33e3d51d7468,472f583e-f1e7-4b17-b6a1-a3287137e3cd,36,2026-08-21 01:53:30.905+00,2026-08-17T19:57:00.267000+00:00,first_intact_tail_attempt,2026-08-17T19:57:10.267000+00:00
d7d48d59-3fe2-42d4-bb98-906c05d621d1,RM-2020-A-030,01db33a3-ccbd-4f21-b830-33e3d51d7468,472f583e-f1e7-4b17-b6a1-a3287137e3cd,37,2026-08-21 01:53:30.905+00,2026-08-17T19:57:01.267000+00:00,first_intact_tail_attempt,2026-08-17T19:57:10.267000+00:00
43f9bdc2-71cf-481c-9821-96ff3fb0d9b1,RM-2016-B-051,01db33a3-ccbd-4f21-b830-33e3d51d7468,472f583e-f1e7-4b17-b6a1-a3287137e3cd,38,2026-08-21 01:53:30.905+00,2026-08-17T19:57:02.267000+00:00,first_intact_tail_attempt,2026-08-17T19:57:10.267000+00:00
dfa7370c-15ac-419b-b82f-d61bcfe25df3,RM-2020-B-068,01db33a3-ccbd-4f21-b830-33e3d51d7468,472f583e-f1e7-4b17-b6a1-a3287137e3cd,39,2026-08-21 01:53:30.905+00,2026-08-17T19:57:03.267000+00:00,first_intact_tail_attempt,2026-08-17T19:57:10.267000+00:00
4b80ce4c-b136-4d4e-86ac-751bec6c3ac8,RM-2019-A-084,01db33a3-ccbd-4f21-b830-33e3d51d7468,472f583e-f1e7-4b17-b6a1-a3287137e3cd,40,2026-08-21 01:53:30.905+00,2026-08-17T19:57:04.267000+00:00,first_intact_tail_attempt,2026-08-17T19:57:10.267000+00:00
d158130b-1a39-41c4-8eed-e2b536a908ec,RM-2022-B-065,01db33a3-ccbd-4f21-b830-33e3d51d7468,472f583e-f1e7-4b17-b6a1-a3287137e3cd,41,2026-08-21 01:53:30.905+00,2026-08-17T19:57:05.267000+00:00,first_intact_tail_attempt,2026-08-17T19:57:10.267000+00:00
7821eb57-826b-4600-b939-8fa387b4fe4b,RM-2016-A-062,01db33a3-ccbd-4f21-b830-33e3d51d7468,472f583e-f1e7-4b17-b6a1-a3287137e3cd,42,2026-08-21 01:53:30.905+00,2026-08-17T19:57:06.267000+00:00,first_intact_tail_attempt,2026-08-17T19:57:10.267000+00:00
2d444f81-6a6e-4dce-a22d-da67dd47e171,RM-2024-A-049,01db33a3-ccbd-4f21-b830-33e3d51d7468,472f583e-f1e7-4b17-b6a1-a3287137e3cd,43,2026-08-21 01:53:30.905+00,2026-08-17T19:57:07.267000+00:00,first_intact_tail_attempt,2026-08-17T19:57:10.267000+00:00
184bba0c-f15c-4c91-81bd-eb6d5632bdc4,RM-2025-A-055,01db33a3-ccbd-4f21-b830-33e3d51d7468,472f583e-f1e7-4b17-b6a1-a3287137e3cd,44,2026-08-21 01:53:30.905+00,2026-08-17T19:57:08.267000+00:00,first_intact_tail_attempt,2026-08-17T19:57:10.267000+00:00
ac0da8b4-9c35-4c4b-bf82-f9852e2a2592,RM-2015-A-063,01db33a3-ccbd-4f21-b830-33e3d51d7468,472f583e-f1e7-4b17-b6a1-a3287137e3cd,45,2026-08-21 01:53:30.905+00,2026-08-17T19:57:09.267000+00:00,first_intact_tail_attempt,2026-08-17T19:57:10.267000+00:00
7a3edc29-c259-41f5-b23c-18dc2e069c9b,RM-2019-B-048,4fcae0f5-fd76-4868-940f-bc4418190e7e,41407044-8b1e-4aab-a25f-14c32fa9b98b,0,2026-08-21 01:52:45.373+00,2026-08-15T03:28:28.800000+00:00,source_completed_at,2026-08-15T03:28:32.800000+00:00
1a1cc57b-f921-4841-a392-3f495d0e45ae,RM-2020-A-079,4fcae0f5-fd76-4868-940f-bc4418190e7e,41407044-8b1e-4aab-a25f-14c32fa9b98b,1,2026-08-21 01:52:45.373+00,2026-08-15T03:28:29.800000+00:00,source_completed_at,2026-08-15T03:28:32.800000+00:00
98b36247-b880-4b39-8d0e-3a0bc347b12b,RM-2019-B-007,4fcae0f5-fd76-4868-940f-bc4418190e7e,41407044-8b1e-4aab-a25f-14c32fa9b98b,2,2026-08-21 01:52:45.373+00,2026-08-15T03:28:30.800000+00:00,source_completed_at,2026-08-15T03:28:32.800000+00:00
6f341ab6-d40c-42e7-b51e-0d82e6c96a28,RM-2017-A-083,4fcae0f5-fd76-4868-940f-bc4418190e7e,41407044-8b1e-4aab-a25f-14c32fa9b98b,3,2026-08-21 01:52:45.373+00,2026-08-15T03:28:31.800000+00:00,source_completed_at,2026-08-15T03:28:32.800000+00:00
f7496dc1-4852-4256-835f-67bc4e74939b,RM-2024-A-030,96b14ccf-eaa7-4ea2-9aa0-4d647e4dc357,3ad269ff-329e-43f3-8f95-664b0d0d4f28,0,2026-08-21 01:53:51.94+00,2026-08-17T20:13:30.688000+00:00,first_intact_tail_attempt,2026-08-17T20:13:38.688000+00:00
bbcbba98-d0d1-44fa-8bdc-61b107dc5557,RM-2020-B-067,96b14ccf-eaa7-4ea2-9aa0-4d647e4dc357,3ad269ff-329e-43f3-8f95-664b0d0d4f28,1,2026-08-21 01:53:51.94+00,2026-08-17T20:13:31.688000+00:00,first_intact_tail_attempt,2026-08-17T20:13:38.688000+00:00
d41490b2-14b2-47bc-9b6a-dc83dc2a9990,RM-2018-B-054,96b14ccf-eaa7-4ea2-9aa0-4d647e4dc357,3ad269ff-329e-43f3-8f95-664b0d0d4f28,2,2026-08-21 01:53:51.941+00,2026-08-17T20:13:32.688000+00:00,first_intact_tail_attempt,2026-08-17T20:13:38.688000+00:00
9936c3e7-1785-4c9c-98ea-b8e0c1ff7e82,RM-2015-A-016,96b14ccf-eaa7-4ea2-9aa0-4d647e4dc357,3ad269ff-329e-43f3-8f95-664b0d0d4f28,3,2026-08-21 01:53:51.941+00,2026-08-17T20:13:33.688000+00:00,first_intact_tail_attempt,2026-08-17T20:13:38.688000+00:00
8a6bfdda-6574-4480-9b02-9fe99a11c9db,RM-2019-A-016,96b14ccf-eaa7-4ea2-9aa0-4d647e4dc357,3ad269ff-329e-43f3-8f95-664b0d0d4f28,4,2026-08-21 01:53:51.941+00,2026-08-17T20:13:34.688000+00:00,first_intact_tail_attempt,2026-08-17T20:13:38.688000+00:00
7ffcd064-5642-465f-b0ed-fadd13efc250,RM-2021-B-013,96b14ccf-eaa7-4ea2-9aa0-4d647e4dc357,3ad269ff-329e-43f3-8f95-664b0d0d4f28,5,2026-08-21 01:53:51.941+00,2026-08-17T20:13:35.688000+00:00,first_intact_tail_attempt,2026-08-17T20:13:38.688000+00:00
f2acfc3c-3777-4419-a3d8-abb5e0f7a86e,RM-2025-A-015,96b14ccf-eaa7-4ea2-9aa0-4d647e4dc357,3ad269ff-329e-43f3-8f95-664b0d0d4f28,6,2026-08-21 01:53:51.941+00,2026-08-17T20:13:36.688000+00:00,first_intact_tail_attempt,2026-08-17T20:13:38.688000+00:00
91fe6e38-2f4d-49c8-8fba-16227513a1f2,RM-2015-A-061,96b14ccf-eaa7-4ea2-9aa0-4d647e4dc357,3ad269ff-329e-43f3-8f95-664b0d0d4f28,7,2026-08-21 01:53:51.941+00,2026-08-17T20:13:37.688000+00:00,first_intact_tail_attempt,2026-08-17T20:13:38.688000+00:00
ef3caf27-e501-4f27-8674-a2509cdc8ecd,RM-2024-A-030,ba0d50b2-72b6-457e-a2ef-dadccc6fec5d,57d8389f-b773-4521-a56e-374ef2f921c5,0,2026-08-21 01:53:22.493+00,2026-08-17T14:52:38.520000+00:00,source_completed_at,2026-08-17T14:52:40.520000+00:00
b4c0a94b-d7d6-4dfa-bf30-a734d5fd8f50,RM-2019-B-001,ba0d50b2-72b6-457e-a2ef-dadccc6fec5d,57d8389f-b773-4521-a56e-374ef2f921c5,1,2026-08-21 01:53:22.493+00,2026-08-17T14:52:39.520000+00:00,source_completed_at,2026-08-17T14:52:40.520000+00:00
8ede07fd-96f6-4af2-a393-c061671df20a,RM-2019-B-001,cdf76b4e-67cf-4cc6-ad54-6096723be601,a03d16d7-81a0-44f1-8e49-707d234c9317,1,2026-08-21 01:52:31.752+00,2026-08-14T11:30:05.826000+00:00,first_intact_tail_attempt,2026-08-14T11:30:30.826000+00:00
e9c64f4b-0e50-49b4-8c21-9d0928546794,RM-2024-A-048,cdf76b4e-67cf-4cc6-ad54-6096723be601,a03d16d7-81a0-44f1-8e49-707d234c9317,2,2026-08-21 01:52:31.752+00,2026-08-14T11:30:06.826000+00:00,first_intact_tail_attempt,2026-08-14T11:30:30.826000+00:00
4a9bccfe-b8c5-421c-ac85-9874abb09ce3,RM-2018-A-100,cdf76b4e-67cf-4cc6-ad54-6096723be601,a03d16d7-81a0-44f1-8e49-707d234c9317,3,2026-08-21 01:52:31.752+00,2026-08-14T11:30:07.826000+00:00,first_intact_tail_attempt,2026-08-14T11:30:30.826000+00:00
1c88a1bb-7c9d-4ef1-90ba-f65df6ac4cba,RM-2015-A-093,cdf76b4e-67cf-4cc6-ad54-6096723be601,a03d16d7-81a0-44f1-8e49-707d234c9317,4,2026-08-21 01:52:31.753+00,2026-08-14T11:30:08.826000+00:00,first_intact_tail_attempt,2026-08-14T11:30:30.826000+00:00
a8c03986-b619-4dc0-95e0-daba0922f680,RM-2025-B-069,cdf76b4e-67cf-4cc6-ad54-6096723be601,a03d16d7-81a0-44f1-8e49-707d234c9317,5,2026-08-21 01:52:31.753+00,2026-08-14T11:30:09.826000+00:00,first_intact_tail_attempt,2026-08-14T11:30:30.826000+00:00
e7a89ebe-c289-40fc-b350-7ac8b9b46c91,RM-2024-B-046,cdf76b4e-67cf-4cc6-ad54-6096723be601,a03d16d7-81a0-44f1-8e49-707d234c9317,6,2026-08-21 01:52:31.753+00,2026-08-14T11:30:10.826000+00:00,first_intact_tail_attempt,2026-08-14T11:30:30.826000+00:00
5260323f-9965-4eea-be56-3d6487962f9c,RM-2025-A-096,cdf76b4e-67cf-4cc6-ad54-6096723be601,a03d16d7-81a0-44f1-8e49-707d234c9317,7,2026-08-21 01:52:31.753+00,2026-08-14T11:30:11.826000+00:00,first_intact_tail_attempt,2026-08-14T11:30:30.826000+00:00
eba720f3-cb36-4965-b91f-b89b83b58038,RM-2016-B-036,cdf76b4e-67cf-4cc6-ad54-6096723be601,a03d16d7-81a0-44f1-8e49-707d234c9317,8,2026-08-21 01:52:31.753+00,2026-08-14T11:30:12.826000+00:00,first_intact_tail_attempt,2026-08-14T11:30:30.826000+00:00
93304470-1a99-4b53-ae30-0e673481e49b,RM-2025-B-042,cdf76b4e-67cf-4cc6-ad54-6096723be601,a03d16d7-81a0-44f1-8e49-707d234c9317,9,2026-08-21 01:52:31.753+00,2026-08-14T11:30:13.826000+00:00,first_intact_tail_attempt,2026-08-14T11:30:30.826000+00:00
e6e55208-a560-4a92-bd31-5189ec60805e,RM-2017-A-082,cdf76b4e-67cf-4cc6-ad54-6096723be601,a03d16d7-81a0-44f1-8e49-707d234c9317,10,2026-08-21 01:52:31.753+00,2026-08-14T11:30:14.826000+00:00,first_intact_tail_attempt,2026-08-14T11:30:30.826000+00:00
a9de5ff4-b82d-40ea-850f-bb6a905e76da,RM-2019-A-045,cdf76b4e-67cf-4cc6-ad54-6096723be601,a03d16d7-81a0-44f1-8e49-707d234c9317,11,2026-08-21 01:52:31.753+00,2026-08-14T11:30:15.826000+00:00,first_intact_tail_attempt,2026-08-14T11:30:30.826000+00:00
8f314288-ca48-480b-b658-b300712a1012,RM-2017-B-086,cdf76b4e-67cf-4cc6-ad54-6096723be601,a03d16d7-81a0-44f1-8e49-707d234c9317,12,2026-08-21 01:52:31.753+00,2026-08-14T11:30:16.826000+00:00,first_intact_tail_attempt,2026-08-14T11:30:30.826000+00:00
4a3a4de0-4174-4b7b-8886-a3bed2ae78c9,RM-2020-A-016,cdf76b4e-67cf-4cc6-ad54-6096723be601,a03d16d7-81a0-44f1-8e49-707d234c9317,13,2026-08-21 01:52:31.753+00,2026-08-14T11:30:17.826000+00:00,first_intact_tail_attempt,2026-08-14T11:30:30.826000+00:00
a53c2e4d-b924-4732-a62a-4a1298385f53,RM-2022-A-014,cdf76b4e-67cf-4cc6-ad54-6096723be601,a03d16d7-81a0-44f1-8e49-707d234c9317,14,2026-08-21 01:52:31.753+00,2026-08-14T11:30:18.826000+00:00,first_intact_tail_attempt,2026-08-14T11:30:30.826000+00:00
815dd797-596a-4f90-b914-aa1ddd61dbbb,RM-2020-B-022,cdf76b4e-67cf-4cc6-ad54-6096723be601,a03d16d7-81a0-44f1-8e49-707d234c9317,15,2026-08-21 01:52:31.753+00,2026-08-14T11:30:19.826000+00:00,first_intact_tail_attempt,2026-08-14T11:30:30.826000+00:00
320c2cc2-13be-4ced-8111-455f0339a64c,RM-2023-A-020,cdf76b4e-67cf-4cc6-ad54-6096723be601,a03d16d7-81a0-44f1-8e49-707d234c9317,16,2026-08-21 01:52:31.753+00,2026-08-14T11:30:20.826000+00:00,first_intact_tail_attempt,2026-08-14T11:30:30.826000+00:00
84713615-eed9-48c1-b018-f3c885625f74,RM-2025-A-086,cdf76b4e-67cf-4cc6-ad54-6096723be601,a03d16d7-81a0-44f1-8e49-707d234c9317,17,2026-08-21 01:52:31.753+00,2026-08-14T11:30:21.826000+00:00,first_intact_tail_attempt,2026-08-14T11:30:30.826000+00:00
1032083c-9780-4939-8102-67c5627189f1,RM-2019-B-003,cdf76b4e-67cf-4cc6-ad54-6096723be601,a03d16d7-81a0-44f1-8e49-707d234c9317,18,2026-08-21 01:52:31.753+00,2026-08-14T11:30:22.826000+00:00,first_intact_tail_attempt,2026-08-14T11:30:30.826000+00:00
059f1b09-8db4-492f-9dea-efbd69927127,RM-2025-A-098,cdf76b4e-67cf-4cc6-ad54-6096723be601,a03d16d7-81a0-44f1-8e49-707d234c9317,19,2026-08-21 01:52:31.753+00,2026-08-14T11:30:23.826000+00:00,first_intact_tail_attempt,2026-08-14T11:30:30.826000+00:00
0b82197f-2ec3-4884-83be-5c6198d6177b,RM-2015-B-026,cdf76b4e-67cf-4cc6-ad54-6096723be601,a03d16d7-81a0-44f1-8e49-707d234c9317,20,2026-08-21 01:52:31.753+00,2026-08-14T11:30:24.826000+00:00,first_intact_tail_attempt,2026-08-14T11:30:30.826000+00:00
f42b16a7-142b-4038-aefe-ff14974e857e,RM-2016-B-017,cdf76b4e-67cf-4cc6-ad54-6096723be601,a03d16d7-81a0-44f1-8e49-707d234c9317,21,2026-08-21 01:52:31.754+00,2026-08-14T11:30:25.826000+00:00,first_intact_tail_attempt,2026-08-14T11:30:30.826000+00:00
ecbabe50-dfb8-444a-96bf-73eb3d1ea79a,RM-2017-A-083,cdf76b4e-67cf-4cc6-ad54-6096723be601,a03d16d7-81a0-44f1-8e49-707d234c9317,22,2026-08-21 01:52:31.754+00,2026-08-14T11:30:26.826000+00:00,first_intact_tail_attempt,2026-08-14T11:30:30.826000+00:00
f5d3966e-0fe4-4afa-9a82-29f8ec97e44d,RM-2018-A-085,cdf76b4e-67cf-4cc6-ad54-6096723be601,a03d16d7-81a0-44f1-8e49-707d234c9317,23,2026-08-21 01:52:31.754+00,2026-08-14T11:30:27.826000+00:00,first_intact_tail_attempt,2026-08-14T11:30:30.826000+00:00
4ef54806-a163-4da2-af9c-cdc3f1f3df82,RM-2019-B-007,cdf76b4e-67cf-4cc6-ad54-6096723be601,a03d16d7-81a0-44f1-8e49-707d234c9317,24,2026-08-21 01:52:31.754+00,2026-08-14T11:30:28.826000+00:00,first_intact_tail_attempt,2026-08-14T11:30:30.826000+00:00
f6a39040-0885-4493-b90c-59d14a7a4fd6,RM-2018-B-033,cdf76b4e-67cf-4cc6-ad54-6096723be601,a03d16d7-81a0-44f1-8e49-707d234c9317,25,2026-08-21 01:52:31.754+00,2026-08-14T11:30:29.826000+00:00,first_intact_tail_attempt,2026-08-14T11:30:30.826000+00:00
e3fc2fe5-b47e-4276-928e-76707184515f,RM-2024-B-050,d29d03d0-c4a8-4cdc-a868-b6891c6308cb,846c1f7d-8340-44c3-a899-01cc8ee09246,0,2026-08-21 01:52:22.744+00,2026-08-14T10:47:49.673000+00:00,first_intact_tail_attempt,2026-08-14T10:48:28.673000+00:00
cd42777f-05dd-4e2b-81bc-4d1aec0943f3,RM-2019-A-089,d29d03d0-c4a8-4cdc-a868-b6891c6308cb,846c1f7d-8340-44c3-a899-01cc8ee09246,1,2026-08-21 01:52:22.745+00,2026-08-14T10:47:50.673000+00:00,first_intact_tail_attempt,2026-08-14T10:48:28.673000+00:00
af89e307-8905-48af-87f6-77c7ca887a37,RM-2015-B-043,d29d03d0-c4a8-4cdc-a868-b6891c6308cb,846c1f7d-8340-44c3-a899-01cc8ee09246,2,2026-08-21 01:52:22.746+00,2026-08-14T10:47:51.673000+00:00,first_intact_tail_attempt,2026-08-14T10:48:28.673000+00:00
1552ebd4-ba93-4e0e-95e5-8e8c9e97fcbe,RM-2020-B-055,d29d03d0-c4a8-4cdc-a868-b6891c6308cb,846c1f7d-8340-44c3-a899-01cc8ee09246,3,2026-08-21 01:52:22.746+00,2026-08-14T10:47:52.673000+00:00,first_intact_tail_attempt,2026-08-14T10:48:28.673000+00:00
7846a6e5-4c70-48c3-bbc8-5288f5ef3934,RM-2020-B-079,d29d03d0-c4a8-4cdc-a868-b6891c6308cb,846c1f7d-8340-44c3-a899-01cc8ee09246,4,2026-08-21 01:52:22.746+00,2026-08-14T10:47:53.673000+00:00,first_intact_tail_attempt,2026-08-14T10:48:28.673000+00:00
c36d536a-7689-4afe-b484-3559bd5d4e1f,RM-2017-A-020,d29d03d0-c4a8-4cdc-a868-b6891c6308cb,846c1f7d-8340-44c3-a899-01cc8ee09246,5,2026-08-21 01:52:22.746+00,2026-08-14T10:47:54.673000+00:00,first_intact_tail_attempt,2026-08-14T10:48:28.673000+00:00
9805825b-6a07-4db8-893d-e2cebecdc81f,RM-2021-A-009,d29d03d0-c4a8-4cdc-a868-b6891c6308cb,846c1f7d-8340-44c3-a899-01cc8ee09246,6,2026-08-21 01:52:22.746+00,2026-08-14T10:47:55.673000+00:00,first_intact_tail_attempt,2026-08-14T10:48:28.673000+00:00
051380fd-693c-4cb1-8f84-311124ced681,RM-2024-A-074,d29d03d0-c4a8-4cdc-a868-b6891c6308cb,846c1f7d-8340-44c3-a899-01cc8ee09246,7,2026-08-21 01:52:22.746+00,2026-08-14T10:47:56.673000+00:00,first_intact_tail_attempt,2026-08-14T10:48:28.673000+00:00
ffb2c9a8-7f6a-4c4b-917e-505501cedd9c,RM-2021-B-071,d29d03d0-c4a8-4cdc-a868-b6891c6308cb,846c1f7d-8340-44c3-a899-01cc8ee09246,8,2026-08-21 01:52:22.746+00,2026-08-14T10:47:57.673000+00:00,first_intact_tail_attempt,2026-08-14T10:48:28.673000+00:00
f13ff104-b1dc-4965-801a-a6f20f5fc7d3,RM-2024-A-054,d29d03d0-c4a8-4cdc-a868-b6891c6308cb,846c1f7d-8340-44c3-a899-01cc8ee09246,9,2026-08-21 01:52:22.746+00,2026-08-14T10:47:58.673000+00:00,first_intact_tail_attempt,2026-08-14T10:48:28.673000+00:00
d15de75c-30d0-4ed2-bb7e-e28c03f7e90d,RM-2021-A-023,d29d03d0-c4a8-4cdc-a868-b6891c6308cb,846c1f7d-8340-44c3-a899-01cc8ee09246,10,2026-08-21 01:52:22.746+00,2026-08-14T10:47:59.673000+00:00,first_intact_tail_attempt,2026-08-14T10:48:28.673000+00:00
d28a54fc-ce51-4cfe-929d-dbe05408178b,RM-2015-A-030,d29d03d0-c4a8-4cdc-a868-b6891c6308cb,846c1f7d-8340-44c3-a899-01cc8ee09246,11,2026-08-21 01:52:22.746+00,2026-08-14T10:48:00.673000+00:00,first_intact_tail_attempt,2026-08-14T10:48:28.673000+00:00
df370b0c-dfb6-4c1a-abe7-daa007a0a6f6,RM-2017-B-057,d29d03d0-c4a8-4cdc-a868-b6891c6308cb,846c1f7d-8340-44c3-a899-01cc8ee09246,12,2026-08-21 01:52:22.746+00,2026-08-14T10:48:01.673000+00:00,first_intact_tail_attempt,2026-08-14T10:48:28.673000+00:00
135cc8f1-ba7a-4a33-b84d-ebf3cb2a4044,RM-2021-A-060,d29d03d0-c4a8-4cdc-a868-b6891c6308cb,846c1f7d-8340-44c3-a899-01cc8ee09246,13,2026-08-21 01:52:22.746+00,2026-08-14T10:48:02.673000+00:00,first_intact_tail_attempt,2026-08-14T10:48:28.673000+00:00
25808b9c-2093-488d-bbda-8936618fc64e,RM-2024-B-020,d29d03d0-c4a8-4cdc-a868-b6891c6308cb,846c1f7d-8340-44c3-a899-01cc8ee09246,14,2026-08-21 01:52:22.746+00,2026-08-14T10:48:03.673000+00:00,first_intact_tail_attempt,2026-08-14T10:48:28.673000+00:00
e2744adc-f639-4981-b30f-5430261ac69f,RM-2019-A-006,d29d03d0-c4a8-4cdc-a868-b6891c6308cb,846c1f7d-8340-44c3-a899-01cc8ee09246,15,2026-08-21 01:52:22.746+00,2026-08-14T10:48:04.673000+00:00,first_intact_tail_attempt,2026-08-14T10:48:28.673000+00:00
0874c8c3-d47a-4b37-ba62-9dbc55832b74,RM-2015-B-013,d29d03d0-c4a8-4cdc-a868-b6891c6308cb,846c1f7d-8340-44c3-a899-01cc8ee09246,16,2026-08-21 01:52:22.746+00,2026-08-14T10:48:05.673000+00:00,first_intact_tail_attempt,2026-08-14T10:48:28.673000+00:00
ccb665e3-2c55-4f7f-9b9b-0280f42e2344,RM-2024-B-083,d29d03d0-c4a8-4cdc-a868-b6891c6308cb,846c1f7d-8340-44c3-a899-01cc8ee09246,17,2026-08-21 01:52:22.746+00,2026-08-14T10:48:06.673000+00:00,first_intact_tail_attempt,2026-08-14T10:48:28.673000+00:00
0ed24463-b4e7-4b1a-8fa4-f24483ad26ed,RM-2023-A-025,d29d03d0-c4a8-4cdc-a868-b6891c6308cb,846c1f7d-8340-44c3-a899-01cc8ee09246,18,2026-08-21 01:52:22.746+00,2026-08-14T10:48:07.673000+00:00,first_intact_tail_attempt,2026-08-14T10:48:28.673000+00:00
73bb6dff-49bb-460e-9bb3-86269e7619f4,RM-2019-B-020,d29d03d0-c4a8-4cdc-a868-b6891c6308cb,846c1f7d-8340-44c3-a899-01cc8ee09246,19,2026-08-21 01:52:22.746+00,2026-08-14T10:48:08.673000+00:00,first_intact_tail_attempt,2026-08-14T10:48:28.673000+00:00
55d3a508-5887-44b1-9474-801d9c5b1d7a,RM-2023-B-047,d29d03d0-c4a8-4cdc-a868-b6891c6308cb,846c1f7d-8340-44c3-a899-01cc8ee09246,20,2026-08-21 01:52:22.746+00,2026-08-14T10:48:09.673000+00:00,first_intact_tail_attempt,2026-08-14T10:48:28.673000+00:00
e205996d-014b-4922-a402-1a469c16f39d,RM-2017-A-024,d29d03d0-c4a8-4cdc-a868-b6891c6308cb,846c1f7d-8340-44c3-a899-01cc8ee09246,21,2026-08-21 01:52:22.746+00,2026-08-14T10:48:10.673000+00:00,first_intact_tail_attempt,2026-08-14T10:48:28.673000+00:00
cbac094b-82e4-4f9a-ae77-0f3afc622e0b,RM-2023-B-098,d29d03d0-c4a8-4cdc-a868-b6891c6308cb,846c1f7d-8340-44c3-a899-01cc8ee09246,22,2026-08-21 01:52:22.746+00,2026-08-14T10:48:11.673000+00:00,first_intact_tail_attempt,2026-08-14T10:48:28.673000+00:00
8769b37e-2431-453d-b293-ae907822fd20,RM-2020-A-088,d29d03d0-c4a8-4cdc-a868-b6891c6308cb,846c1f7d-8340-44c3-a899-01cc8ee09246,23,2026-08-21 01:52:22.746+00,2026-08-14T10:48:12.673000+00:00,first_intact_tail_attempt,2026-08-14T10:48:28.673000+00:00
fd8573c8-4a86-4a76-8c49-262ea98b8b30,RM-2022-B-054,d29d03d0-c4a8-4cdc-a868-b6891c6308cb,846c1f7d-8340-44c3-a899-01cc8ee09246,24,2026-08-21 01:52:22.746+00,2026-08-14T10:48:13.673000+00:00,first_intact_tail_attempt,2026-08-14T10:48:28.673000+00:00
a1888a30-6bfd-4c13-b14f-8662b89ffdeb,RM-2020-B-027,d29d03d0-c4a8-4cdc-a868-b6891c6308cb,846c1f7d-8340-44c3-a899-01cc8ee09246,25,2026-08-21 01:52:22.746+00,2026-08-14T10:48:14.673000+00:00,first_intact_tail_attempt,2026-08-14T10:48:28.673000+00:00
70b599d4-6948-4490-b472-b0ea2b67c75b,RM-2021-B-048,d29d03d0-c4a8-4cdc-a868-b6891c6308cb,846c1f7d-8340-44c3-a899-01cc8ee09246,26,2026-08-21 01:52:22.746+00,2026-08-14T10:48:15.673000+00:00,first_intact_tail_attempt,2026-08-14T10:48:28.673000+00:00
153bc0b9-7e96-4236-b608-42d1cafcb1c7,RM-2017-A-060,d29d03d0-c4a8-4cdc-a868-b6891c6308cb,846c1f7d-8340-44c3-a899-01cc8ee09246,27,2026-08-21 01:52:22.746+00,2026-08-14T10:48:16.673000+00:00,first_intact_tail_attempt,2026-08-14T10:48:28.673000+00:00
f78f4d66-56e0-47d4-8ee3-9dcaa9268f05,RM-2020-A-011,d29d03d0-c4a8-4cdc-a868-b6891c6308cb,846c1f7d-8340-44c3-a899-01cc8ee09246,28,2026-08-21 01:52:22.746+00,2026-08-14T10:48:17.673000+00:00,first_intact_tail_attempt,2026-08-14T10:48:28.673000+00:00
7314b22c-9956-45e9-bb0a-7a263355958c,RM-2024-A-058,d29d03d0-c4a8-4cdc-a868-b6891c6308cb,846c1f7d-8340-44c3-a899-01cc8ee09246,29,2026-08-21 01:52:22.746+00,2026-08-14T10:48:18.673000+00:00,first_intact_tail_attempt,2026-08-14T10:48:28.673000+00:00
1b1f9b22-d3b5-4e9b-b6d6-e5459546a4bd,RM-2016-B-083,d29d03d0-c4a8-4cdc-a868-b6891c6308cb,846c1f7d-8340-44c3-a899-01cc8ee09246,30,2026-08-21 01:52:22.746+00,2026-08-14T10:48:19.673000+00:00,first_intact_tail_attempt,2026-08-14T10:48:28.673000+00:00
6a276d52-701b-47e8-bbf4-abceaaf7f0c1,RM-2025-A-074,d29d03d0-c4a8-4cdc-a868-b6891c6308cb,846c1f7d-8340-44c3-a899-01cc8ee09246,31,2026-08-21 01:52:22.746+00,2026-08-14T10:48:20.673000+00:00,first_intact_tail_attempt,2026-08-14T10:48:28.673000+00:00
4ee357f4-b543-4f03-af5e-8a98046ed063,RM-2015-B-029,d29d03d0-c4a8-4cdc-a868-b6891c6308cb,846c1f7d-8340-44c3-a899-01cc8ee09246,32,2026-08-21 01:52:22.746+00,2026-08-14T10:48:21.673000+00:00,first_intact_tail_attempt,2026-08-14T10:48:28.673000+00:00
775d097f-70a9-4ab5-bc48-1e62f3f3f8b5,RM-2025-A-096,d29d03d0-c4a8-4cdc-a868-b6891c6308cb,846c1f7d-8340-44c3-a899-01cc8ee09246,33,2026-08-21 01:52:22.746+00,2026-08-14T10:48:22.673000+00:00,first_intact_tail_attempt,2026-08-14T10:48:28.673000+00:00
2c2d7aad-ff0f-4b02-918a-56e494e32880,RM-2023-A-019,d29d03d0-c4a8-4cdc-a868-b6891c6308cb,846c1f7d-8340-44c3-a899-01cc8ee09246,34,2026-08-21 01:52:22.746+00,2026-08-14T10:48:23.673000+00:00,first_intact_tail_attempt,2026-08-14T10:48:28.673000+00:00
f4c90ec1-c0ce-468e-a3de-f1467023a9a5,RM-2020-B-025,d29d03d0-c4a8-4cdc-a868-b6891c6308cb,846c1f7d-8340-44c3-a899-01cc8ee09246,35,2026-08-21 01:52:22.746+00,2026-08-14T10:48:24.673000+00:00,first_intact_tail_attempt,2026-08-14T10:48:28.673000+00:00
8c62b356-8861-4a6a-8c94-c1042c32650f,RM-2015-A-055,d29d03d0-c4a8-4cdc-a868-b6891c6308cb,846c1f7d-8340-44c3-a899-01cc8ee09246,36,2026-08-21 01:52:22.746+00,2026-08-14T10:48:25.673000+00:00,first_intact_tail_attempt,2026-08-14T10:48:28.673000+00:00
936fb41a-2417-4b24-a14e-d27fb589aa0d,RM-2021-B-067,d29d03d0-c4a8-4cdc-a868-b6891c6308cb,846c1f7d-8340-44c3-a899-01cc8ee09246,37,2026-08-21 01:52:22.746+00,2026-08-14T10:48:26.673000+00:00,first_intact_tail_attempt,2026-08-14T10:48:28.673000+00:00
2c7cf79d-5fbd-48b0-aabe-4b7dc0f38843,RM-2019-A-024,d29d03d0-c4a8-4cdc-a868-b6891c6308cb,846c1f7d-8340-44c3-a899-01cc8ee09246,38,2026-08-21 01:52:22.746+00,2026-08-14T10:48:27.673000+00:00,first_intact_tail_attempt,2026-08-14T10:48:28.673000+00:00
deea4803-bb0e-495c-a054-684477791de3,RM-2019-B-001,dc479b73-b97f-4bac-b73d-114a413222bb,b4a37d70-5f91-4891-800e-5f3d93f225db,1,2026-08-21 01:52:54.96+00,2026-08-15T12:23:17.576000+00:00,first_intact_tail_attempt,2026-08-15T12:23:49.576000+00:00
4ff5b472-c392-4bf9-83af-90e109437d13,RM-2024-A-048,dc479b73-b97f-4bac-b73d-114a413222bb,b4a37d70-5f91-4891-800e-5f3d93f225db,2,2026-08-21 01:52:54.96+00,2026-08-15T12:23:18.576000+00:00,first_intact_tail_attempt,2026-08-15T12:23:49.576000+00:00
ae0eb15c-1e73-41e7-ab9b-32f4c6a462a9,RM-2018-A-100,dc479b73-b97f-4bac-b73d-114a413222bb,b4a37d70-5f91-4891-800e-5f3d93f225db,3,2026-08-21 01:52:54.96+00,2026-08-15T12:23:19.576000+00:00,first_intact_tail_attempt,2026-08-15T12:23:49.576000+00:00
4b7e7e6e-b320-4d3a-941d-15f7a2d5bbf6,RM-2015-A-093,dc479b73-b97f-4bac-b73d-114a413222bb,b4a37d70-5f91-4891-800e-5f3d93f225db,4,2026-08-21 01:52:54.96+00,2026-08-15T12:23:20.576000+00:00,first_intact_tail_attempt,2026-08-15T12:23:49.576000+00:00
afe5f0df-366e-4018-ac4e-12a03019fb8d,RM-2025-B-069,dc479b73-b97f-4bac-b73d-114a413222bb,b4a37d70-5f91-4891-800e-5f3d93f225db,5,2026-08-21 01:52:54.96+00,2026-08-15T12:23:21.576000+00:00,first_intact_tail_attempt,2026-08-15T12:23:49.576000+00:00
9d06e253-bb1f-49ff-809e-d42df40ec806,RM-2024-B-046,dc479b73-b97f-4bac-b73d-114a413222bb,b4a37d70-5f91-4891-800e-5f3d93f225db,6,2026-08-21 01:52:54.96+00,2026-08-15T12:23:22.576000+00:00,first_intact_tail_attempt,2026-08-15T12:23:49.576000+00:00
1a5b80b5-346a-4611-9fdc-78cb12b61e4f,RM-2025-A-096,dc479b73-b97f-4bac-b73d-114a413222bb,b4a37d70-5f91-4891-800e-5f3d93f225db,7,2026-08-21 01:52:54.96+00,2026-08-15T12:23:23.576000+00:00,first_intact_tail_attempt,2026-08-15T12:23:49.576000+00:00
b4d6ec15-6def-4cc7-a146-9c3668f1773a,RM-2016-B-036,dc479b73-b97f-4bac-b73d-114a413222bb,b4a37d70-5f91-4891-800e-5f3d93f225db,8,2026-08-21 01:52:54.96+00,2026-08-15T12:23:24.576000+00:00,first_intact_tail_attempt,2026-08-15T12:23:49.576000+00:00
90eef8a2-0ce0-4146-98a5-5316431603a2,RM-2025-B-042,dc479b73-b97f-4bac-b73d-114a413222bb,b4a37d70-5f91-4891-800e-5f3d93f225db,9,2026-08-21 01:52:54.96+00,2026-08-15T12:23:25.576000+00:00,first_intact_tail_attempt,2026-08-15T12:23:49.576000+00:00
439f3444-19f1-4ecc-9a6e-d186c68ed847,RM-2017-A-082,dc479b73-b97f-4bac-b73d-114a413222bb,b4a37d70-5f91-4891-800e-5f3d93f225db,10,2026-08-21 01:52:54.96+00,2026-08-15T12:23:26.576000+00:00,first_intact_tail_attempt,2026-08-15T12:23:49.576000+00:00
64ac4b9b-9eea-44f4-a7d3-4f803f2c1cb2,RM-2019-A-045,dc479b73-b97f-4bac-b73d-114a413222bb,b4a37d70-5f91-4891-800e-5f3d93f225db,11,2026-08-21 01:52:54.96+00,2026-08-15T12:23:27.576000+00:00,first_intact_tail_attempt,2026-08-15T12:23:49.576000+00:00
421c15de-5a5e-4166-acb0-127d588c08c8,RM-2017-B-086,dc479b73-b97f-4bac-b73d-114a413222bb,b4a37d70-5f91-4891-800e-5f3d93f225db,12,2026-08-21 01:52:54.96+00,2026-08-15T12:23:28.576000+00:00,first_intact_tail_attempt,2026-08-15T12:23:49.576000+00:00
bf29f20e-11c5-4e79-ba2b-3e829821436b,RM-2020-A-016,dc479b73-b97f-4bac-b73d-114a413222bb,b4a37d70-5f91-4891-800e-5f3d93f225db,13,2026-08-21 01:52:54.96+00,2026-08-15T12:23:29.576000+00:00,first_intact_tail_attempt,2026-08-15T12:23:49.576000+00:00
f0ee8708-f15f-4ee1-868f-d16829c17d5a,RM-2022-A-014,dc479b73-b97f-4bac-b73d-114a413222bb,b4a37d70-5f91-4891-800e-5f3d93f225db,14,2026-08-21 01:52:54.96+00,2026-08-15T12:23:30.576000+00:00,first_intact_tail_attempt,2026-08-15T12:23:49.576000+00:00
bcde2a0b-3cf8-4c25-b092-db93aeb5afa1,RM-2020-B-022,dc479b73-b97f-4bac-b73d-114a413222bb,b4a37d70-5f91-4891-800e-5f3d93f225db,15,2026-08-21 01:52:54.96+00,2026-08-15T12:23:31.576000+00:00,first_intact_tail_attempt,2026-08-15T12:23:49.576000+00:00
6aeadd3c-db53-4727-9d61-b25806ad3157,RM-2023-A-020,dc479b73-b97f-4bac-b73d-114a413222bb,b4a37d70-5f91-4891-800e-5f3d93f225db,16,2026-08-21 01:52:54.96+00,2026-08-15T12:23:32.576000+00:00,first_intact_tail_attempt,2026-08-15T12:23:49.576000+00:00
9fa24604-d6e4-46f5-bb70-8282fdc9a62c,RM-2025-A-086,dc479b73-b97f-4bac-b73d-114a413222bb,b4a37d70-5f91-4891-800e-5f3d93f225db,17,2026-08-21 01:52:54.961+00,2026-08-15T12:23:33.576000+00:00,first_intact_tail_attempt,2026-08-15T12:23:49.576000+00:00
e2164fa3-9e6a-4025-bd93-b319f8cbd4b0,RM-2019-B-003,dc479b73-b97f-4bac-b73d-114a413222bb,b4a37d70-5f91-4891-800e-5f3d93f225db,18,2026-08-21 01:52:54.961+00,2026-08-15T12:23:34.576000+00:00,first_intact_tail_attempt,2026-08-15T12:23:49.576000+00:00
c9ece76c-c554-430d-8f39-8b6c5139ad5d,RM-2025-A-098,dc479b73-b97f-4bac-b73d-114a413222bb,b4a37d70-5f91-4891-800e-5f3d93f225db,19,2026-08-21 01:52:54.961+00,2026-08-15T12:23:35.576000+00:00,first_intact_tail_attempt,2026-08-15T12:23:49.576000+00:00
240dba0c-01e7-4e48-a61a-167ee86ea2e2,RM-2015-B-026,dc479b73-b97f-4bac-b73d-114a413222bb,b4a37d70-5f91-4891-800e-5f3d93f225db,20,2026-08-21 01:52:54.961+00,2026-08-15T12:23:36.576000+00:00,first_intact_tail_attempt,2026-08-15T12:23:49.576000+00:00
252cccf5-dec4-4ba4-b00a-2f0f0c3c9cfb,RM-2016-B-017,dc479b73-b97f-4bac-b73d-114a413222bb,b4a37d70-5f91-4891-800e-5f3d93f225db,21,2026-08-21 01:52:54.961+00,2026-08-15T12:23:37.576000+00:00,first_intact_tail_attempt,2026-08-15T12:23:49.576000+00:00
41607356-3301-441e-b019-4f3537b722b0,RM-2017-A-083,dc479b73-b97f-4bac-b73d-114a413222bb,b4a37d70-5f91-4891-800e-5f3d93f225db,22,2026-08-21 01:52:54.961+00,2026-08-15T12:23:38.576000+00:00,first_intact_tail_attempt,2026-08-15T12:23:49.576000+00:00
c00b7334-8c23-4847-a889-3103e47a2ad9,RM-2018-A-085,dc479b73-b97f-4bac-b73d-114a413222bb,b4a37d70-5f91-4891-800e-5f3d93f225db,23,2026-08-21 01:52:54.961+00,2026-08-15T12:23:39.576000+00:00,first_intact_tail_attempt,2026-08-15T12:23:49.576000+00:00
e14ef2fe-f0e1-4830-8e9f-3ad308333e36,RM-2019-B-007,dc479b73-b97f-4bac-b73d-114a413222bb,b4a37d70-5f91-4891-800e-5f3d93f225db,24,2026-08-21 01:52:54.961+00,2026-08-15T12:23:40.576000+00:00,first_intact_tail_attempt,2026-08-15T12:23:49.576000+00:00
5fb856a9-220e-411e-83d9-aa8802c23378,RM-2018-B-033,dc479b73-b97f-4bac-b73d-114a413222bb,b4a37d70-5f91-4891-800e-5f3d93f225db,25,2026-08-21 01:52:54.961+00,2026-08-15T12:23:41.576000+00:00,first_intact_tail_attempt,2026-08-15T12:23:49.576000+00:00
9addeff5-1ca4-4bf1-b107-c6e45d89a1a6,RM-2019-B-048,dc479b73-b97f-4bac-b73d-114a413222bb,b4a37d70-5f91-4891-800e-5f3d93f225db,26,2026-08-21 01:52:54.961+00,2026-08-15T12:23:42.576000+00:00,first_intact_tail_attempt,2026-08-15T12:23:49.576000+00:00
a61de6a5-f0af-403f-b1cc-4f37f75ec9a0,RM-2020-A-069,dc479b73-b97f-4bac-b73d-114a413222bb,b4a37d70-5f91-4891-800e-5f3d93f225db,27,2026-08-21 01:52:54.961+00,2026-08-15T12:23:43.576000+00:00,first_intact_tail_attempt,2026-08-15T12:23:49.576000+00:00
4e017030-708f-4ee7-a49a-89a7e89e3971,RM-2021-A-033,dc479b73-b97f-4bac-b73d-114a413222bb,b4a37d70-5f91-4891-800e-5f3d93f225db,28,2026-08-21 01:52:54.961+00,2026-08-15T12:23:44.576000+00:00,first_intact_tail_attempt,2026-08-15T12:23:49.576000+00:00
ba195850-8158-4ae4-a982-e8004fe08f00,RM-2020-B-072,dc479b73-b97f-4bac-b73d-114a413222bb,b4a37d70-5f91-4891-800e-5f3d93f225db,29,2026-08-21 01:52:54.961+00,2026-08-15T12:23:45.576000+00:00,first_intact_tail_attempt,2026-08-15T12:23:49.576000+00:00
68bd7f3f-7d1a-4c69-b3f0-9ea50d8c3de9,RM-2025-A-099,dc479b73-b97f-4bac-b73d-114a413222bb,b4a37d70-5f91-4891-800e-5f3d93f225db,30,2026-08-21 01:52:54.961+00,2026-08-15T12:23:46.576000+00:00,first_intact_tail_attempt,2026-08-15T12:23:49.576000+00:00
466d3124-ba10-4989-adff-c6d2b74bb9c2,RM-2021-A-009,dc479b73-b97f-4bac-b73d-114a413222bb,b4a37d70-5f91-4891-800e-5f3d93f225db,31,2026-08-21 01:52:54.961+00,2026-08-15T12:23:47.576000+00:00,first_intact_tail_attempt,2026-08-15T12:23:49.576000+00:00
c52d07e3-71fc-45c6-99f8-1e1f8bff498f,RM-2016-A-083,dc479b73-b97f-4bac-b73d-114a413222bb,b4a37d70-5f91-4891-800e-5f3d93f225db,32,2026-08-21 01:52:54.961+00,2026-08-15T12:23:48.576000+00:00,first_intact_tail_attempt,2026-08-15T12:23:49.576000+00:00
